epoch,train_loss,train_OA,validation_loss,epoch_seconds,estimated_remaining_seconds,validation_OA,validation_AA,validation_APr,validation_AF1
1,1.1242637076580668,0.5932388222464559,0.9919402870264921,16.88953139899968,827.6244613210074,0.6060606060606061,0.21228316924519458,0.19047619047619047,0.17643754619364377
2,0.9466795593727636,0.6346782988004362,0.8314712517189257,16.988703076998718,815.4605534159637,0.6590909090909091,0.27876230661040785,0.24545454545454543,0.2566893424036281
3,0.7926771396379044,0.7295528898582334,0.6981980800628662,16.988508268999794,800.0096371896428,0.803030303030303,0.46586029067041723,0.49911764705882355,0.45701426349405966
4,0.6729987552277784,0.8004362050163577,0.6038476273869023,17.09398438000062,784.9358297444987,0.8106060606060606,0.5007969995311767,0.4738553701326487,0.48087628957194173
5,0.5860032027784324,0.8233369683751364,0.5928165284973202,17.106627231998573,769.0987606860017,0.803030303030303,0.5243051369633648,0.6583333333333334,0.5204548232450124
6,0.5332857861123662,0.8353326063249727,0.5150677575306459,17.164930240000103,753.2416829959997,0.8257575757575758,0.5427017614359386,0.683729414217219,0.5447550034506556
7,0.4920894013496366,0.8516902944383861,0.501647259701382,17.154828627000825,736.8477525104242,0.8257575757575758,0.5427017614359386,0.683729414217219,0.5447550034506556
8,0.4566323959645424,0.8560523446019629,0.510796247332385,17.155850408000333,719.8197915037454,0.8333333333333334,0.5560350947692719,0.6865637065637065,0.5528993168510085
9,0.42962056817639227,0.861504907306434,0.47471836480227386,17.104938083999514,702.9553511879981,0.8636363636363636,0.6442810260531779,0.7119211217250433,0.663317543112625
10,0.3981452439967523,0.8735005452562704,0.4971047389236363,17.10695761599891,686.0442508759952,0.8333333333333334,0.5604715022436542,0.6950020974411218,0.5803515023623719
11,0.3746252656307969,0.8854961832061069,0.46765315532684326,17.124604094999086,668.8021028661768,0.8484848484848485,0.5871381689103209,0.7022505197505197,0.6002152590595987
12,0.3367860238580693,0.8909487459105779,0.5120268304916945,17.099533227001302,651.4996943524997,0.8484848484848485,0.6284160471502245,0.7007469494811266,0.6469459894301666
13,0.30138536660465837,0.9018538713195202,0.5014424430149974,17.098813833999884,634.2274841691532,0.8560606060606061,0.6840774228116,0.6486142957355698,0.6623277420964021
14,0.2740244213958863,0.9127589967284624,0.5204495654413195,17.09977068199987,616.9814532951398,0.8484848484848485,0.6402678990020763,0.6283653846153847,0.6329677529489909
15,0.2349657282119489,0.9269356597600873,0.5239763921408942,17.10192136999831,599.7596235516654,0.8712121212121212,0.6999424017145536,0.66247843528507,0.678406185695579
16,0.2122281413269407,0.9334787350054525,0.5647779881502643,17.115136349999375,582.7869829312481,0.8484848484848485,0.6663076820038846,0.6388798701298701,0.6506271636020321
17,0.17800474092933058,0.9432933478735005,0.5502644390093557,17.20043319099932,565.7633680748811,0.8636363636363636,0.6974107561449333,0.656996336996337,0.674153344045376
18,0.15431006352804122,0.9531079607415486,0.6045931452377276,17.07997386900024,548.5058168817777,0.8636363636363636,0.6713709731431251,0.6462808696679664,0.6572516289625888
19,0.13588047783614635,0.955288985823337,0.6228284957734022,17.001335208000455,531.1388253939455,0.8636363636363636,0.6974107561449333,0.6404388714733542,0.6615447770620184
20,0.11030528498986165,0.965103598691385,0.6759037093231173,17.031039328001498,513.8528118539998,0.8560606060606061,0.6840774228116,0.6302490612835441,0.6466454598033545
21,0.09242455213002641,0.9727371864776445,0.6416642045545758,16.99779392900018,496.5451371375218,0.8636363636363636,0.6974107561449333,0.6460606060606061,0.6665057088031359
22,0.07638289108913038,0.9825517993456925,0.6777864622347283,17.000201242999537,479.26844517745485,0.8712121212121212,0.6999424017145536,0.6515144625489453,0.6707597908480325
23,0.06150324524643312,0.9880043620501636,0.7323910657626888,17.132476372000383,462.17106734830276,0.8484848484848485,0.6555059942401714,0.6200154684025652,0.6323117045226578
24,0.04789971338149319,0.9934569247546347,0.774764065898842,17.063057016999664,444.9954480909163,0.8484848484848485,0.6343419730761503,0.605971805971806,0.616043956043956
25,0.04114683626692909,0.9934569247546347,0.7512766348028724,17.032796077000967,427.798596052,0.8409090909090909,0.6529743486705513,0.610753677561827,0.624386178646468
26,0.032986138108914625,0.9989094874591058,0.78292573457866,17.103046702999563,410.67917747630645,0.8484848484848485,0.6555059942401714,0.6200154684025652,0.6323117045226578
27,0.026290581978282677,0.9989094874591058,0.7837752414246401,17.09573670499958,393.55465679136927,0.8409090909090909,0.63181032750653,0.5969120353330879,0.608772024939008
28,0.021788213685263586,0.9989094874591058,0.7883613115938549,17.123526998999296,376.4538979590707,0.8484848484848485,0.6451436608398633,0.613732861565679,0.6265798671261936
29,0.018002565169144287,1.0,0.8293622094488731,17.128728157000296,359.3552944865167,0.8333333333333334,0.6184769941731967,0.5913519091847266,0.5976834656537273
30,0.015383669182316947,1.0,0.826585943217982,17.17877626200061,342.28803085133285,0.8409090909090909,0.6421726609068381,0.607012987012987,0.6142450142450142
31,0.013077442702860648,1.0,0.8621446451764893,17.215373597999132,325.23594674525805,0.8333333333333334,0.6184769941731967,0.5913519091847266,0.5976834656537273
32,0.01140567897783436,1.0,0.8598645537611888,17.173948289999316,308.1503306615622,0.8333333333333334,0.6184769941731967,0.5883572567783094,0.5950776583034647
33,0.010292472121038655,1.0,0.8572159543859236,17.141802352000013,291.0427338560304,0.8333333333333334,0.6184769941731967,0.5913519091847266,0.5976834656537273
34,0.00919977213472388,1.0,0.867014101360727,17.154552625999713,273.9390833284706,0.8333333333333334,0.6184769941731967,0.5883572567783094,0.5950776583034647
35,0.008404627419000688,1.0,0.8792113494621872,17.219551641999715,256.8603708548565,0.8333333333333334,0.6184769941731967,0.5883572567783094,0.5950776583034647
36,0.007801427286282799,1.0,0.8841916533031812,17.128455211999608,239.73836627844454,0.8333333333333334,0.6184769941731967,0.5883572567783094,0.5950776583034647
37,0.00722071733253357,1.0,0.8881953853979763,17.12255890400047,222.61387625872925,0.8333333333333334,0.6184769941731967,0.5883572567783094,0.5950776583034647
38,0.006797566352947336,1.0,0.8875985283185869,17.096589894999852,205.4818005609469,0.8333333333333334,0.6184769941731967,0.5883572567783094,0.5950776583034647
39,0.006443118496524777,1.0,0.8956823183548157,17.065698922000593,188.34221842248684,0.8409090909090909,0.621008639742817,0.5930735930735931,0.599179100874016
40,0.006152283531819819,1.0,0.894015927382773,17.007560411000668,171.19176767174986,0.8409090909090909,0.621008639742817,0.5930735930735931,0.599179100874016
41,0.005914584428987049,1.0,0.8981376591025654,17.107115512000746,154.07010180658537,0.8409090909090909,0.621008639742817,0.5930735930735931,0.599179100874016
42,0.005732258962317001,1.0,0.9003921828874754,17.584524111000064,137.04003568514287,0.8409090909090909,0.621008639742817,0.5930735930735931,0.599179100874016
43,0.0055776403091071965,1.0,0.9025893960973587,16.897239668998736,119.87226141572077,0.8409090909090909,0.621008639742817,0.5930735930735931,0.599179100874016
44,0.005468502145419517,1.0,0.902387441591021,16.469382035000308,102.6583963351362,0.8409090909090909,0.621008639742817,0.5930735930735931,0.599179100874016
45,0.005379782919543455,1.0,0.903064011867779,16.446627219998845,85.47506142111101,0.8409090909090909,0.621008639742817,0.5930735930735931,0.599179100874016
46,0.0053199082595218,1.0,0.9042743523605168,16.448205630998928,68.32386316278249,0.8409090909090909,0.621008639742817,0.5930735930735931,0.599179100874016
47,0.005277184824608551,1.0,0.9049761281348765,16.449476210000284,51.202658130574456,0.8409090909090909,0.621008639742817,0.5930735930735931,0.599179100874016
48,0.005252784596031964,1.0,0.9052040458508682,16.43346404699878,34.10871562149995,0.8409090909090909,0.621008639742817,0.5930735930735931,0.599179100874016
49,0.00524205556840127,1.0,0.905254447035435,16.4397206499998,17.041829847693872,0.8409090909090909,0.621008639742817,0.5930735930735931,0.599179100874016
50,0.0052401150769484,1.0,0.905254447035435,16.44624803899933,0.0,0.8409090909090909,0.621008639742817,0.5930735930735931,0.599179100874016
