experiment,model,goal,training_mode,representative_seed,num_classes,classes,batch_size_profiled,input_channels_dataset,input_channels_model,image_height,image_width,input_shape,flop_input_shape,total_parameters,total_parameters_M,trainable_parameters,trainable_parameters_M,trainable_percent,frozen_parameters,parameter_storage_MiB,buffer_storage_MiB,state_dict_tensor_storage_MiB,checkpoint_file_MiB,flops_per_image,GFLOPs_per_image,flop_backend,flop_convention,unsupported_ops,counted_ops,inference_device,inference_dtype,fps_warmup_iterations,fps_timed_iterations,fps_repeats,FPS_mean,FPS_std,FPS_mean_std,batch_latency_ms_mean,batch_latency_ms_std,batch_latency_ms_mean_std,per_image_latency_ms_mean,per_image_latency_ms_std,per_image_latency_ms_mean_std,peak_inference_memory_MiB,fps_values,batch_latency_ms_values,per_image_latency_ms_values,checkpoint,checkpoint_model,checkpoint_goal,checkpoint_training_mode,source_commit
20260930_212237_fusar_saratrx_full_finetune,saratrx,fusar,full_finetune,42,5,"[""Tanker"", ""General Cargo"", ""Fishing"", ""Container Ship"", ""Bulk Carrier""]",4,1,3,256,256,4x3x256x256,1x3x256x256,65822597,65.822597,65822597,65.822597,100.0,0,251.09328079223633,0.0,251.09328079223633,251.181134223938,41937277952,41.937277952,torch_profiler,PyTorch supported-operator FLOPs; multiply and add are counted separately,{},"{""aten::add"": 8388608, ""aten::addmm"": 38654710784, ""aten::bmm"": 2684354560, ""aten::conv2d"": 50331648, ""aten::mm"": 536870912, ""aten::mul"": 2621440}",cuda:0,float32,30,100,5,232.7594757284146,4.371520993092838,232.76 ± 4.37,17.189961372001562,0.32214788780764736,17.190 ± 0.322,4.297490343000391,0.08053697195191184,4.297 ± 0.081,332.34375,"[233.43384148365007, 226.85043680630852, 231.94290827372066, 232.46141328663873, 239.10877879175501]","[17.135476049988938, 17.63276305002364, 17.24562319999677, 17.207156850017782, 16.72878770998068]","[4.2838690124972345, 4.40819076250591, 4.311405799999193, 4.3017892125044455, 4.18219692749517]",benchmark_outputs/20260930_212237_fusar_saratrx_full_finetune/runs/seed_42/best_model.pth,saratrx,fusar,full_finetune,8f110555e32e5777034c5ab6729d23bcf9741936
20260930_205905_fusar_saratrx_linear_probe,saratrx,fusar,linear_probe,42,5,"[""Tanker"", ""General Cargo"", ""Fishing"", ""Container Ship"", ""Bulk Carrier""]",4,1,3,256,256,4x3x256x256,1x3x256x256,65822597,65.822597,3589,0.003589,0.005452534788318972,65819008,251.09328079223633,0.00391387939453125,251.09719467163086,251.18589782714844,41937277952,41.937277952,torch_profiler,PyTorch supported-operator FLOPs; multiply and add are counted separately,{},"{""aten::add"": 8388608, ""aten::addmm"": 38654710784, ""aten::bmm"": 2684354560, ""aten::conv2d"": 50331648, ""aten::mm"": 536870912, ""aten::mul"": 2621440}",cuda:0,float32,30,100,5,235.29181731713354,5.2619909066626125,235.29 ± 5.26,17.007080507995852,0.38652960977821077,17.007 ± 0.387,4.251770126998963,0.09663240244455269,4.252 ± 0.097,332.34814453125,"[238.70451203839244, 240.54503290130452, 235.91755559990793, 226.9075094513779, 234.3844765946849]","[16.7571193600088, 16.628902919983375, 16.95507563999854, 17.628327989987156, 17.065976630001387]","[4.1892798400022, 4.157225729995844, 4.238768909999635, 4.407081997496789, 4.266494157500347]",benchmark_outputs/20260930_205905_fusar_saratrx_linear_probe/runs/seed_42/best_model.pth,saratrx,fusar,linear_probe,8f110555e32e5777034c5ab6729d23bcf9741936
20261001_174246_fusar_sarjepa_full_finetune,sarjepa,fusar,full_finetune,42,5,"[""Tanker"", ""General Cargo"", ""Fishing"", ""Container Ship"", ""Bulk Carrier""]",4,1,1,256,256,4x1x256x256,1x1x256x256,85296389,85.296389,85296389,85.296389,100.0,0,325.3799018859863,0.0,325.3799018859863,325.42764377593994,46443013776,46.443013776,torch_profiler,PyTorch supported-operator FLOPs; multiply and add are counted separately,{},"{""aten::add"": 4737024, ""aten::addmm"": 43656420864, ""aten::bmm"": 2434830336, ""aten::conv2d"": 100663296, ""aten::mm"": 236851200, ""aten::mul"": 9511056}",cuda:0,float32,30,100,5,249.1449500367668,0.15463795477651676,249.14 ± 0.15,16.054915950000577,0.00996042222621489,16.055 ± 0.010,4.013728987500144,0.0024901055565537226,4.014 ± 0.002,389.59619140625,"[249.02442828078935, 249.3849450273203, 249.05594798116954, 249.2167284886744, 249.0427004058804]","[16.0626811900147, 16.03946060000453, 16.060648349994153, 16.050286930003494, 16.061502679986006]","[4.015670297503675, 4.009865150001133, 4.015162087498538, 4.012571732500874, 4.0153756699965015]",benchmark_outputs/20261001_174246_fusar_sarjepa_full_finetune/runs/seed_42/best_model.pth,sarjepa,fusar,full_finetune,1f17f9007481c563653066c0c49dbd55c0846298
20261001_170957_fusar_sarjepa_linear_probe,sarjepa,fusar,linear_probe,42,5,"[""Tanker"", ""General Cargo"", ""Fishing"", ""Container Ship"", ""Bulk Carrier""]",4,1,1,256,256,4x1x256x256,1x1x256x256,85296389,85.296389,3845,0.003845,0.0045078109930304314,85292544,325.3799018859863,0.00586700439453125,325.38576889038086,325.4343605041504,46443013776,46.443013776,torch_profiler,PyTorch supported-operator FLOPs; multiply and add are counted separately,{},"{""aten::add"": 4737024, ""aten::addmm"": 43656420864, ""aten::bmm"": 2671681536, ""aten::conv2d"": 100663296, ""aten::mul"": 9511056}",cuda:0,float32,30,100,5,241.74757188317574,5.85216122440059,241.75 ± 5.85,16.553878832004557,0.3972976073061394,16.554 ± 0.397,4.138469708001139,0.09932440182653485,4.138 ± 0.099,389.6025390625,"[237.11092937376566, 247.43268607998462, 238.42162935810308, 236.99067941321357, 248.7819351908117]","[16.86974113999895, 16.166012920002686, 16.77700136002386, 16.878300909993413, 16.078337830003875]","[4.217435284999738, 4.0415032300006715, 4.194250340005965, 4.219575227498353, 4.019584457500969]",benchmark_outputs/20261001_170957_fusar_sarjepa_linear_probe/runs/seed_42/best_model.pth,sarjepa,fusar,linear_probe,1f17f9007481c563653066c0c49dbd55c0846298
20260930_174037_nastar_saratrx_full_finetune,saratrx,nastar,full_finetune,42,3,"[""Tanker"", ""Fishing"", ""Cargo""]",4,1,3,256,256,4x3x256x256,1x3x256x256,65821571,65.821571,65821571,65.821571,100.0,0,251.0893669128418,0.0,251.0893669128418,251.17716693878174,41937275904,41.937275904,torch_profiler,PyTorch supported-operator FLOPs; multiply and add are counted separately,{},"{""aten::add"": 8388608, ""aten::addmm"": 38654708736, ""aten::bmm"": 2684354560, ""aten::conv2d"": 50331648, ""aten::mm"": 536870912, ""aten::mul"": 2621440}",cuda:0,float32,30,100,5,232.7714131585027,2.7687175452625814,232.77 ± 2.77,17.186161565994553,0.20186520764253404,17.186 ± 0.202,4.296540391498638,0.05046630191063351,4.297 ± 0.050,332.33984375,"[232.34471888797978, 232.26310975053394, 231.29672131279554, 230.43050488454494, 237.52201095665933]","[17.21579909000866, 17.221848119988863, 17.293803289976495, 17.35881280998001, 16.84054452001874]","[4.303949772502165, 4.305462029997216, 4.323450822494124, 4.339703202495002, 4.210136130004685]",benchmark_outputs/20260930_174037_nastar_saratrx_full_finetune/runs/seed_42/best_model.pth,saratrx,nastar,full_finetune,8f110555e32e5777034c5ab6729d23bcf9741936
20260930_182303_nastar_saratrx_linear_probe,saratrx,nastar,linear_probe,42,3,"[""Tanker"", ""Fishing"", ""Cargo""]",4,1,3,256,256,4x3x256x256,1x3x256x256,65821571,65.821571,2563,0.002563,0.003893860266568235,65819008,251.0893669128418,0.00391387939453125,251.09328079223633,251.18199157714844,41937275904,41.937275904,torch_profiler,PyTorch supported-operator FLOPs; multiply and add are counted separately,{},"{""aten::add"": 8388608, ""aten::addmm"": 38654708736, ""aten::bmm"": 2684354560, ""aten::conv2d"": 50331648, ""aten::mm"": 536870912, ""aten::mul"": 2621440}",cuda:0,float32,30,100,5,242.08548586988155,2.0659658775811534,242.09 ± 2.07,16.524053380002442,0.1412780944176866,16.524 ± 0.141,4.131013345000611,0.03531952360442165,4.131 ± 0.035,332.34423828125,"[239.04507944977516, 244.84177614074127, 242.4246057670551, 242.2979191557598, 241.81804883607643]","[16.73324549999961, 16.33708129000297, 16.499975270016876, 16.50860236000881, 16.541362479983945]","[4.183311374999903, 4.084270322500743, 4.124993817504219, 4.127150590002202, 4.135340619995986]",benchmark_outputs/20260930_182303_nastar_saratrx_linear_probe/runs/seed_42/best_model.pth,saratrx,nastar,linear_probe,8f110555e32e5777034c5ab6729d23bcf9741936
20261001_153008_nastar_sarjepa_full_finetune,sarjepa,nastar,full_finetune,42,3,"[""Tanker"", ""Fishing"", ""Cargo""]",4,1,1,256,256,4x1x256x256,1x1x256x256,85294851,85.294851,85294851,85.294851,100.0,0,325.3740348815918,0.0,325.3740348815918,325.4217233657837,46443010704,46.443010704,torch_profiler,PyTorch supported-operator FLOPs; multiply and add are counted separately,{},"{""aten::add"": 4737024, ""aten::addmm"": 43656417792, ""aten::bmm"": 2434830336, ""aten::conv2d"": 100663296, ""aten::mm"": 236851200, ""aten::mul"": 9511056}",cuda:0,float32,30,100,5,249.54792775811688,0.2636602065592965,249.55 ± 0.26,16.02899934600282,0.016929135723841235,16.029 ± 0.017,4.007249836500705,0.004232283930960309,4.007 ± 0.004,389.59033203125,"[249.36895922446135, 249.8860294806579, 249.2955221720796, 249.7729818052527, 249.41614610813286]","[16.040488809994713, 16.007297440010007, 16.045213990000775, 16.01454236999416, 16.037454120014445]","[4.010122202498678, 4.001824360002502, 4.011303497500194, 4.00363559249854, 4.009363530003611]",benchmark_outputs/20261001_153008_nastar_sarjepa_full_finetune/runs/seed_42/best_model.pth,sarjepa,nastar,full_finetune,1f17f9007481c563653066c0c49dbd55c0846298
20261001_164027_nastar_sarjepa_linear_probe,sarjepa,nastar,linear_probe,42,3,"[""Tanker"", ""Fishing"", ""Cargo""]",4,1,1,256,256,4x1x256x256,1x1x256x256,85294851,85.294851,2307,0.002307,0.0027047353655615157,85292544,325.3740348815918,0.00586700439453125,325.3799018859863,325.42844009399414,46443010704,46.443010704,torch_profiler,PyTorch supported-operator FLOPs; multiply and add are counted separately,{},"{""aten::add"": 4737024, ""aten::addmm"": 43656417792, ""aten::bmm"": 2671681536, ""aten::conv2d"": 100663296, ""aten::mul"": 9511056}",cuda:0,float32,30,100,5,246.21902888716636,2.8305567668616516,246.22 ± 2.83,16.24741773399728,0.1869889222899034,16.247 ± 0.187,4.06185443349932,0.04674723057247585,4.062 ± 0.047,389.5966796875,"[249.54655908524072, 246.74916153274017, 243.83904027929242, 242.8402483746626, 248.12013516389587]","[16.029072950004775, 16.210794699982216, 16.404264039992995, 16.471734099977766, 16.121222880028654]","[4.007268237501194, 4.052698674995554, 4.101066009998249, 4.1179335249944415, 4.0303057200071635]",benchmark_outputs/20261001_164027_nastar_sarjepa_linear_probe/runs/seed_42/best_model.pth,sarjepa,nastar,linear_probe,1f17f9007481c563653066c0c49dbd55c0846298
20260930_185906_opensar4_saratrx_full_finetune,saratrx,opensar4,full_finetune,42,4,"[""Tanker"", ""Fishing"", ""Container Ship"", ""Bulk Carrier""]",4,2,2,128,128,4x2x128x128,1x2x128x128,65721732,65.721732,65721732,65.721732,100.0,0,250.70851135253906,0.0,250.70851135253906,250.796368598938,9976811520,9.97681152,torch_profiler,PyTorch supported-operator FLOPs; multiply and add are counted separately,{},"{""aten::add"": 2097152, ""aten::addmm"": 9663680512, ""aten::bmm"": 167772160, ""aten::conv2d"": 8388608, ""aten::mm"": 134217728, ""aten::mul"": 655360}",cuda:0,float32,30,100,5,400.8490632293827,2.133452041133659,400.85 ± 2.13,9.979045926011167,0.05344136985847102,9.979 ± 0.053,2.494761481502792,0.013360342464617755,2.495 ± 0.013,280.833984375,"[401.31718560931694, 397.1415096465999, 401.2269017110532, 402.233707957887, 402.32601122205637]","[9.9671784399834, 10.071976620019996, 9.969421250025334, 9.944467410023208, 9.9421859100039]","[2.49179460999585, 2.517994155004999, 2.4923553125063336, 2.486116852505802, 2.485546477500975]",benchmark_outputs/20260930_185906_opensar4_saratrx_full_finetune/runs/seed_42/best_model.pth,saratrx,opensar4,full_finetune,8f110555e32e5777034c5ab6729d23bcf9741936
20260930_184704_opensar4_saratrx_linear_probe,saratrx,opensar4,linear_probe,42,4,"[""Tanker"", ""Fishing"", ""Container Ship"", ""Bulk Carrier""]",4,2,2,128,128,4x2x128x128,1x2x128x128,65721732,65.721732,3076,0.003076,0.004680339221735666,65718656,250.70851135253906,0.00391387939453125,250.7124252319336,250.80113220214844,9976811520,9.97681152,torch_profiler,PyTorch supported-operator FLOPs; multiply and add are counted separately,{},"{""aten::add"": 2097152, ""aten::addmm"": 9663680512, ""aten::bmm"": 167772160, ""aten::conv2d"": 8388608, ""aten::mm"": 134217728, ""aten::mul"": 655360}",cuda:0,float32,30,100,5,395.63599118408194,5.964735814864741,395.64 ± 5.96,10.112174498004606,0.1551210125004156,10.112 ± 0.155,2.5280436245011515,0.0387802531251039,2.528 ± 0.039,280.83837890625,"[398.4582518618262, 397.56583598005204, 385.299907689697, 396.4034049520165, 400.45255543681793]","[10.03869283998938, 10.061226690013427, 10.381523380019644, 10.090730679985427, 9.988698900015152]","[2.509673209997345, 2.515306672503357, 2.595380845004911, 2.5226826699963567, 2.497174725003788]",benchmark_outputs/20260930_184704_opensar4_saratrx_linear_probe/runs/seed_42/best_model.pth,saratrx,opensar4,linear_probe,8f110555e32e5777034c5ab6729d23bcf9741936
20261001_135607_opensar4_sarjepa_full_finetune,sarjepa,opensar4,full_finetune,42,4,"[""Tanker"", ""Fishing"", ""Container Ship"", ""Bulk Carrier""]",4,2,2,128,128,4x2x128x128,1x2x128x128,85492228,85.492228,85492228,85.492228,100.0,0,326.12696838378906,0.0,326.12696838378906,326.17471408843994,11309303952,11.309303952,torch_profiler,PyTorch supported-operator FLOPs; multiply and add are counted separately,{},"{""aten::add"": 1198080, ""aten::addmm"": 11041511424, ""aten::bmm"": 155750400, ""aten::conv2d"": 50331648, ""aten::mm"": 59904000, ""aten::mul"": 608400}",cuda:0,float32,30,100,5,590.3521915469096,15.634616527575794,590.35 ± 15.63,6.779466998006683,0.1817850160149757,6.779 ± 0.182,1.6948667495016707,0.04544625400374393,1.695 ± 0.045,344.54150390625,"[606.0876375691454, 603.3487408728274, 566.9726740541386, 587.2734404040583, 588.0784648343782]","[6.599705640001048, 6.629664950014558, 7.055013730023347, 6.811137240001699, 6.801813429992762]","[1.649926410000262, 1.6574162375036394, 1.7637534325058368, 1.7027843100004247, 1.7004533574981906]",benchmark_outputs/20261001_135607_opensar4_sarjepa_full_finetune/runs/seed_42/best_model.pth,sarjepa,opensar4,full_finetune,1f17f9007481c563653066c0c49dbd55c0846298
20261001_143034_opensar4_sarjepa_linear_probe,sarjepa,opensar4,linear_probe,42,4,"[""Tanker"", ""Fishing"", ""Container Ship"", ""Bulk Carrier""]",4,2,2,128,128,4x2x128x128,1x2x128x128,85492228,85.492228,3076,0.003076,0.0035979878779156395,85489152,326.12696838378906,0.00586700439453125,326.1328353881836,326.1814308166504,11309303952,11.309303952,torch_profiler,PyTorch supported-operator FLOPs; multiply and add are counted separately,{},"{""aten::add"": 1198080, ""aten::addmm"": 11041511424, ""aten::bmm"": 215654400, ""aten::conv2d"": 50331648, ""aten::mul"": 608400}",cuda:0,float32,30,100,5,625.4114827633543,5.365205568896959,625.41 ± 5.37,6.396168099992792,0.05521252707480694,6.396 ± 0.055,1.599042024998198,0.013803131768701736,1.599 ± 0.014,344.5478515625,"[625.5369736470366, 625.1783839063783, 630.9195663563919, 628.6336636662834, 616.7888262406816]","[6.394506109973008, 6.398173870002211, 6.339952369999082, 6.3630063599703135, 6.485201790019346]","[1.598626527493252, 1.5995434675005527, 1.5849880924997706, 1.5907515899925784, 1.6213004475048365]",benchmark_outputs/20261001_143034_opensar4_sarjepa_linear_probe/runs/seed_42/best_model.pth,sarjepa,opensar4,linear_probe,1f17f9007481c563653066c0c49dbd55c0846298
20260930_200616_opensar6_saratrx_full_finetune,saratrx,opensar6,full_finetune,42,6,"[""Bulk Carrier"", ""Container Ship"", ""Dredger"", ""Fishing"", ""Tanker"", ""Tug""]",4,2,2,128,128,4x2x128x128,1x2x128x128,65722758,65.722758,65722758,65.722758,100.0,0,250.7124252319336,0.0,250.7124252319336,250.80033588409424,9976813568,9.976813568,torch_profiler,PyTorch supported-operator FLOPs; multiply and add are counted separately,{},"{""aten::add"": 2097152, ""aten::addmm"": 9663682560, ""aten::bmm"": 167772160, ""aten::conv2d"": 8388608, ""aten::mm"": 134217728, ""aten::mul"": 655360}",cuda:0,float32,30,100,5,403.2968425345264,1.9564123619978708,403.30 ± 1.96,9.91844016801042,0.04830472753483487,9.918 ± 0.048,2.479610042002605,0.012076181883708717,2.480 ± 0.012,280.837890625,"[400.0960854746007, 403.095159327479, 404.2375662169469, 405.2725800552841, 403.78282159832116]","[9.997598440022557, 9.92321517001983, 9.895171390016912, 9.869900400008191, 9.90631543998461]","[2.4993996100056393, 2.4808037925049575, 2.473792847504228, 2.467475100002048, 2.4765788599961525]",benchmark_outputs/20260930_200616_opensar6_saratrx_full_finetune/runs/seed_42/best_model.pth,saratrx,opensar6,full_finetune,8f110555e32e5777034c5ab6729d23bcf9741936
20260930_204856_opensar6_saratrx_linear_probe,saratrx,opensar6,linear_probe,42,6,"[""Bulk Carrier"", ""Container Ship"", ""Dredger"", ""Fishing"", ""Tanker"", ""Tug""]",4,2,2,128,128,4x2x128x128,1x2x128x128,65722758,65.722758,4102,0.004102,0.006241369237730407,65718656,250.7124252319336,0.00391387939453125,250.71633911132812,250.8050994873047,9976813568,9.976813568,torch_profiler,PyTorch supported-operator FLOPs; multiply and add are counted separately,{},"{""aten::add"": 2097152, ""aten::addmm"": 9663682560, ""aten::bmm"": 167772160, ""aten::conv2d"": 8388608, ""aten::mm"": 134217728, ""aten::mul"": 655360}",cuda:0,float32,30,100,5,399.04444597306554,4.962245515404198,399.04 ± 4.96,10.025195845999406,0.12563256646231696,10.025 ± 0.126,2.5062989614998514,0.03140814161557924,2.506 ± 0.031,280.84228515625,"[401.47087486654635, 403.5091040097822, 402.2238740795703, 391.5741942017434, 396.44418270768546]","[9.963362849994155, 9.913035320023482, 9.944710540003143, 10.215177760001097, 10.08969275997515]","[2.490840712498539, 2.4782588300058705, 2.486177635000786, 2.5537944400002743, 2.5224231899937877]",benchmark_outputs/20260930_204856_opensar6_saratrx_linear_probe/runs/seed_42/best_model.pth,saratrx,opensar6,linear_probe,8f110555e32e5777034c5ab6729d23bcf9741936
20261001_145728_opensar6_sarjepa_full_finetune,sarjepa,opensar6,full_finetune,42,6,"[""Bulk Carrier"", ""Container Ship"", ""Dredger"", ""Fishing"", ""Tanker"", ""Tug""]",4,2,2,128,128,4x2x128x128,1x2x128x128,85493766,85.493766,85493766,85.493766,100.0,0,326.1328353881836,0.0,326.1328353881836,326.1806344985962,11309307024,11.309307024,torch_profiler,PyTorch supported-operator FLOPs; multiply and add are counted separately,{},"{""aten::add"": 1198080, ""aten::addmm"": 11041514496, ""aten::bmm"": 155750400, ""aten::conv2d"": 50331648, ""aten::mm"": 59904000, ""aten::mul"": 608400}",cuda:0,float32,30,100,5,615.3434538533386,6.166487116234168,615.34 ± 6.17,6.500960229990596,0.06554080611079643,6.501 ± 0.066,1.625240057497649,0.01638520152769911,1.625 ± 0.016,344.54736328125,"[611.5791216956537, 606.2668130191944, 619.1713904518813, 620.2215476664313, 619.4783964335321]","[6.540445639984682, 6.597755170005257, 6.460246809983801, 6.449308339979325, 6.457045189999917]","[1.6351114099961706, 1.6494387925013143, 1.6150617024959502, 1.6123270849948312, 1.6142612974999793]",benchmark_outputs/20261001_145728_opensar6_sarjepa_full_finetune/runs/seed_42/best_model.pth,sarjepa,opensar6,full_finetune,1f17f9007481c563653066c0c49dbd55c0846298
20261001_144509_opensar6_sarjepa_linear_probe,sarjepa,opensar6,linear_probe,42,6,"[""Bulk Carrier"", ""Container Ship"", ""Dredger"", ""Fishing"", ""Tanker"", ""Tug""]",4,2,2,128,128,4x2x128x128,1x2x128x128,85493766,85.493766,4614,0.004614,0.005396884727244323,85489152,326.1328353881836,0.00586700439453125,326.1387023925781,326.18735122680664,11309307024,11.309307024,torch_profiler,PyTorch supported-operator FLOPs; multiply and add are counted separately,{},"{""aten::add"": 1198080, ""aten::addmm"": 11041514496, ""aten::bmm"": 215654400, ""aten::conv2d"": 50331648, ""aten::mul"": 608400}",cuda:0,float32,30,100,5,614.3172414450198,15.035017075588046,614.32 ± 15.04,6.51441858799808,0.15961022539945768,6.514 ± 0.160,1.62860464699952,0.03990255634986442,1.629 ± 0.040,344.5537109375,"[615.3283346148916, 600.3132128194142, 597.9348642243319, 627.1029190914129, 630.9068764750488]","[6.500594520002778, 6.663188339989574, 6.68969187001494, 6.378538319986546, 6.340079889996559]","[1.6251486300006945, 1.6657970849973935, 1.672422967503735, 1.5946345799966366, 1.5850199724991398]",benchmark_outputs/20261001_144509_opensar6_sarjepa_linear_probe/runs/seed_42/best_model.pth,sarjepa,opensar6,linear_probe,1f17f9007481c563653066c0c49dbd55c0846298
